165,28,18,HITAM
120,26,20,HITAM
120,28,18,HITAM
120,28,18,HITAM
120,28,18,HITAM
120,30,17,HITAM
120,30,17,HITAM
120,32,16,HITAM
120,30,17,HITAM
120,30,17,HITAM
120,36,14,HITAM
120,36,14,HITAM
120,34,15,HITAM
120,36,14,HITAM
120,39,13,HITAM
120,39,13,HITAM
120,39,13,HITAM
120,43,12,HITAM
120,43,12,HITAM
120,39,13,HITAM
120,39,13,HITAM
120,43,12,HITAM
120,39,13,HITAM
120,39,13,HITAM
120,43,12,HITAM
120,39,13,HITAM
120,43,12,HITAM
120,43,12,HITAM
120,36,14,HITAM
120,36,14,HITAM
120,36,14,HITAM
120,30,17,HITAM
120,30,17,HITAM
120,34,15,HITAM
120,32,16,HITAM
120,32,16,HITAM
120,30,17,HITAM
120,30,17,HITAM
120,28,18,HITAM
120,28,18,HITAM
120,28,18,HITAM
120,28,18,HITAM
120,26,20,HITAM
120,26,20,HITAM
120,26,20,HITAM
120,26,20,HITAM
120,24,21,HITAM
120,24,21,HITAM
120,24,21,HITAM
120,23,22,HITAM
120,23,22,HITAM
120,23,22,HITAM
120,23,22,HITAM
120,23,22,HITAM
120,22,23,HITAM
120,20,25,HITAM
120,20,25,HITAM
120,20,26,HITAM
120,19,27,HITAM
120,19,27,HITAM
120,18,29,HITAM
120,18,29,HITAM
120,18,29,HITAM
120,18,28,HITAM
120,17,30,HITAM
120,17,30,HITAM
120,18,29,HITAM
120,18,29,HITAM
120,18,29,HITAM
120,18,28,HITAM
120,18,28,HITAM
128,33,31,HITAM
120,16,31,HITAM
120,15,33,HITAM
120,15,33,HITAM
0,0,29,PUTIH
0,0,32,PUTIH
0,0,32,PUTIH
120,15,33,HITAM
120,16,32,HITAM
120,16,32,HITAM
120,15,34,HITAM
120,15,34,HITAM
120,16,32,HITAM
120,15,34,HITAM
128,29,35,HITAM
128,29,35,HITAM
0,0,32,PUTIH
120,15,34,HITAM
120,15,34,HITAM
120,15,34,HITAM
120,15,34,HITAM
120,15,34,HITAM
128,29,35,HITAM
128,29,35,HITAM
120,15,34,HITAM
120,15,34,HITAM
0,0,33,PUTIH
0,0,33,PUTIH
120,14,36,HITAM
120,14,36,HITAM
128,28,36,HITAM
120,13,38,HITAM
120,13,38,HITAM
0,0,34,PUTIH
0,0,34,PUTIH
0,0,34,PUTIH
0,0,33,PUTIH
0,0,33,PUTIH
0,0,33,PUTIH
0,0,33,PUTIH
120,14,37,HITAM
120,14,37,HITAM
120,13,39,HITAM
0,0,36,PUTIH
0,0,36,PUTIH
0,0,38,PUTIH
0,0,37,PUTIH
0,0,37,PUTIH
0,0,37,PUTIH
120,13,39,HITAM
120,13,39,HITAM
0,0,38,PUTIH
0,0,37,PUTIH
0,0,37,PUTIH
0,0,35,PUTIH
0,0,37,PUTIH
0,0,37,PUTIH
0,0,37,PUTIH
0,0,36,PUTIH
0,0,36,PUTIH
0,0,37,PUTIH
0,0,38,PUTIH
0,0,38,PUTIH
0,0,39,PUTIH
120,7,38,HITAM
120,7,38,HITAM
30,14,37,HITAM
120,7,39,HITAM
120,7,39,HITAM
0,0,38,PUTIH
0,0,38,PUTIH
0,0,38,PUTIH
120,7,38,HITAM
30,13,38,HITAM
30,13,38,HITAM
0,0,38,PUTIH
0,0,38,PUTIH
0,0,38,PUTIH
0,0,38,PUTIH
0,0,38,PUTIH
30,14,37,HITAM
0,0,38,PUTIH
0,0,38,PUTIH
0,0,36,PUTIH
0,0,37,PUTIH
75,13,40,HITAM
75,13,40,HITAM
0,0,39,PUTIH
0,0,38,PUTIH
0,0,38,PUTIH
120,13,40,HITAM
120,13,40,HITAM
0,0,38,PUTIH
120,13,40,HITAM
120,13,40,HITAM
120,13,40,HITAM
120,13,40,HITAM
120,13,40,HITAM
120,13,40,HITAM
0,0,40,PUTIH
0,0,40,PUTIH
0,0,38,PUTIH
120,7,39,HITAM
120,7,39,HITAM
120,6,43,HITAM
0,0,38,PUTIH
0,0,38,PUTIH
0,0,39,PUTIH
0,0,39,PUTIH
0,0,39,PUTIH
0,0,39,PUTIH
0,0,42,PUTIH
0,0,42,PUTIH
120,7,39,HITAM
0,0,37,PUTIH
0,0,37,PUTIH
165,13,38,HITAM
0,0,37,PUTIH
0,0,37,PUTIH
0,0,38,PUTIH
0,0,38,PUTIH
0,0,37,PUTIH
0,0,38,PUTIH
0,0,37,PUTIH
0,0,37,PUTIH
0,0,38,PUTIH
0,0,39,PUTIH
0,0,39,PUTIH
0,0,37,PUTIH
30,7,37,HITAM
30,7,37,HITAM
0,0,39,PUTIH
0,0,39,PUTIH
0,0,38,PUTIH
0,0,38,PUTIH
30,7,38,HITAM
30,7,38,HITAM
30,13,38,HITAM
0,0,36,PUTIH
0,0,36,PUTIH
0,0,40,PUTIH
0,0,40,PUTIH
120,12,43,HITAM
0,0,41,PUTIH
0,0,41,PUTIH
120,6,41,HITAM
165,12,43,HITAM
0,0,43,PUTIH
0,0,43,PUTIH
0,0,41,PUTIH
0,0,41,PUTIH
0,0,40,PUTIH
0,0,40,PUTIH
0,0,40,PUTIH
0,0,40,PUTIH
0,0,40,PUTIH
0,0,40,PUTIH
0,0,40,PUTIH
120,6,40,HITAM
120,6,40,HITAM
120,6,40,HITAM
30,6,42,HITAM
30,6,42,HITAM
30,6,42,HITAM
0,0,43,PUTIH
0,0,43,PUTIH
0,0,41,PUTIH
0,0,39,PUTIH
0,0,39,PUTIH
30,6,40,HITAM
0,0,43,PUTIH
0,0,43,PUTIH
0,0,40,PUTIH
0,0,40,PUTIH
0,0,40,PUTIH
0,0,38,PUTIH
0,0,40,PUTIH
0,0,40,PUTIH
0,0,39,PUTIH
0,0,39,PUTIH
0,0,39,PUTIH
0,0,40,PUTIH
165,12,42,HITAM
165,12,42,HITAM
0,0,39,PUTIH
0,0,43,PUTIH
0,0,43,PUTIH
0,0,43,PUTIH
0,0,41,PUTIH
0,0,41,PUTIH
165,12,43,HITAM
165,12,43,HITAM
120,6,43,HITAM
0,0,42,PUTIH
120,12,44,HITAM
120,12,44,HITAM
120,11,45,HITAM
120,12,44,HITAM
120,12,44,HITAM
0,0,41,PUTIH
0,0,41,PUTIH
0,0,42,PUTIH
0,0,42,PUTIH
0,0,42,PUTIH
0,0,42,PUTIH
0,0,42,PUTIH
0,0,42,PUTIH
0,0,42,PUTIH
0,0,41,PUTIH
30,12,41,HITAM
30,12,41,HITAM
165,13,40,HITAM
165,13,40,HITAM
30,12,41,HITAM
30,13,38,HITAM
30,13,38,HITAM
30,7,39,HITAM
0,0,38,PUTIH
0,0,38,PUTIH
0,0,38,PUTIH
120,13,39,HITAM
120,13,39,HITAM
0,0,38,PUTIH
0,0,37,PUTIH
0,0,37,PUTIH
0,0,38,PUTIH
0,0,38,PUTIH
0,0,38,PUTIH
0,0,39,PUTIH
120,13,39,HITAM
120,12,41,HITAM
120,12,41,HITAM
0,0,38,PUTIH
0,0,38,PUTIH
120,13,40,HITAM
128,24,42,HITAM
128,24,42,HITAM
120,12,41,HITAM
120,13,39,HITAM
120,13,39,HITAM
120,13,39,HITAM
0,0,38,PUTIH
0,0,38,PUTIH
0,0,38,PUTIH
0,0,38,PUTIH
0,0,38,PUTIH
0,0,39,PUTIH
0,0,38,PUTIH
0,0,38,PUTIH
0,0,39,PUTIH
0,0,38,PUTIH
0,0,38,PUTIH
0,0,41,PUTIH
120,10,49,HITAM
120,10,49,HITAM
120,11,45,HITAM
120,11,48,HITAM
120,11,48,HITAM
120,11,48,HITAM
120,11,48,HITAM
120,11,48,HITAM
120,11,46,HITAM
120,11,46,HITAM
120,11,46,HITAM
0,0,46,PUTIH
120,10,49,HITAM
120,10,49,HITAM
0,0,47,PUTIH
120,10,50,ABU-ABU
120,10,50,ABU-ABU
0,0,45,PUTIH
0,0,45,PUTIH
120,11,46,HITAM
120,12,44,HITAM
120,12,44,HITAM
120,11,45,HITAM
120,12,43,HITAM
120,11,47,HITAM
120,11,47,HITAM
120,11,47,HITAM
120,12,44,HITAM
120,12,44,HITAM
120,11,47,HITAM
120,11,47,HITAM
0,0,46,PUTIH
0,0,47,PUTIH
0,0,47,PUTIH
120,5,49,HITAM
120,5,48,HITAM
120,5,50,ABU-ABU
120,5,50,ABU-ABU
120,10,49,HITAM
120,10,49,HITAM
120,10,52,ABU-ABU
120,10,50,ABU-ABU
120,10,50,ABU-ABU
120,5,49,HITAM
0,0,44,PUTIH
0,0,44,PUTIH
120,10,49,HITAM
120,12,44,HITAM
120,12,44,HITAM
120,11,47,HITAM
120,11,48,HITAM
120,11,48,HITAM
120,11,46,HITAM
120,11,46,HITAM
120,11,46,HITAM
120,11,48,HITAM
120,11,48,HITAM
120,11,48,HITAM
120,11,48,HITAM
120,11,48,HITAM
120,11,46,HITAM
120,11,45,HITAM
0,21,36,PUTIH
0,27,38,PUTIH
10,46,33,HITAM
10,46,33,HITAM
6,43,30,HITAM
0,31,25,PUTIH
0,31,25,PUTIH
20,33,23,HITAM
15,46,22,HITAM
15,46,22,HITAM
20,35,22,HITAM
20,35,22,HITAM
20,38,20,HITAM
20,36,21,HITAM
30,28,18,HITAM
30,28,18,HITAM
120,13,20,HITAM
120,14,18,HITAM
120,14,18,HITAM
0,0,18,PUTIH
0,0,18,PUTIH
165,28,18,HITAM
170,40,19,HITAM
170,40,19,HITAM
15,30,17,HITAM
0,0,18,PUTIH
165,28,18,HITAM
165,28,18,HITAM
173,51,20,HITAM
173,51,20,HITAM
173,49,21,HITAM
0,64,24,PUTIH
0,64,24,PUTIH
175,57,27,HITAM
6,46,28,HITAM
6,46,28,HITAM
6,43,30,HITAM
175,48,32,HITAM
0,44,35,PUTIH
0,44,35,PUTIH
0,42,36,PUTIH
0,42,36,PUTIH
6,34,38,HITAM
13,47,38,HITAM
13,47,38,HITAM
10,49,47,HITAM
8,54,52,ORANGE
8,54,52,ORANGE
8,55,56,ORANGE
8,73,56,ORANGE
8,73,56,ORANGE
11,69,52,ORANGE
5,76,57,ORANGE
5,76,57,ORANGE
5,76,57,ORANGE
5,78,59,ORANGE
5,78,59,ORANGE
12,77,56,ORANGE
8,77,60,ORANGE
8,77,60,ORANGE
5,72,60,ORANGE
8,65,63,ORANGE
8,65,63,ORANGE
11,61,59,ORANGE
4,61,59,MERAH
4,61,59,MERAH
8,66,58,ORANGE
170,32,24,HITAM
140,36,21,HITAM
140,31,25,HITAM
140,31,25,HITAM
120,21,24,HITAM
120,22,23,HITAM
120,22,23,HITAM
0,0,23,PUTIH
120,12,21,HITAM
120,12,21,HITAM
120,23,22,HITAM
120,23,22,HITAM
120,23,22,HITAM
120,23,22,HITAM
120,26,20,HITAM
120,26,20,HITAM
120,26,20,HITAM
0,0,17,PUTIH
0,0,17,PUTIH
120,14,18,HITAM
120,14,18,HITAM
140,38,20,HITAM
120,26,20,HITAM
120,26,20,HITAM
140,38,20,HITAM
120,24,21,HITAM
140,36,21,HITAM
140,36,21,HITAM
140,33,23,HITAM
140,33,23,HITAM
140,32,24,HITAM
120,21,24,HITAM
120,21,24,HITAM
120,20,25,HITAM
156,44,29,HITAM
156,44,29,HITAM
173,26,40,HITAM
170,40,38,HITAM
173,27,38,HITAM
173,27,38,HITAM
0,37,41,PUTIH
0,37,41,PUTIH
6,33,39,HITAM
11,52,39,HITAM
11,52,39,HITAM
11,54,38,HITAM
11,52,39,HITAM
11,52,39,HITAM
6,34,38,HITAM
8,89,46,HITAM
8,89,46,HITAM
5,70,44,HITAM
4,74,48,HITAM
4,74,48,HITAM
3,51,45,HITAM
6,53,48,HITAM
6,53,48,HITAM
177,48,48,HITAM
10,47,49,HITAM
10,47,49,HITAM
10,64,48,HITAM
6,53,48,HITAM
6,53,48,HITAM
8,57,49,HITAM
128,46,22,HITAM
150,53,24,HITAM
135,46,22,HITAM
135,46,22,HITAM
120,27,19,HITAM
150,36,21,HITAM
150,36,21,HITAM
130,40,19,HITAM
75,27,19,HITAM
75,27,19,HITAM
165,32,16,HITAM
165,32,16,HITAM
0,0,15,PUTIH
150,36,14,HITAM
165,36,14,HITAM
165,36,14,HITAM
165,36,14,HITAM
165,36,14,HITAM
165,36,14,HITAM
165,39,13,HITAM
165,39,13,HITAM
165,39,13,HITAM
165,39,13,HITAM
165,39,13,HITAM
0,0,11,PUTIH
0,0,12,PUTIH
0,0,12,PUTIH
0,0,12,PUTIH
165,43,12,HITAM
165,43,12,HITAM
165,36,14,HITAM
173,60,17,HITAM
173,60,17,HITAM
165,28,18,HITAM
165,28,18,HITAM
165,28,18,HITAM
20,40,19,HITAM
20,40,19,HITAM
165,26,20,HITAM
165,26,20,HITAM
150,23,22,HITAM
150,23,22,HITAM
160,35,22,HITAM
20,36,21,HITAM
20,36,21,HITAM
20,31,25,HITAM
20,32,24,HITAM
20,32,24,HITAM
20,29,26,HITAM
6,44,29,HITAM
6,44,29,HITAM
6,43,30,HITAM
15,38,27,HITAM
15,38,27,HITAM
18,46,28,HITAM
0,54,33,PUTIH
0,54,33,PUTIH
9,53,34,HITAM
15,32,32,HITAM
15,32,32,HITAM
6,36,35,HITAM
6,38,34,HITAM
6,38,34,HITAM
13,53,34,HITAM
13,47,38,HITAM
13,47,38,HITAM
11,51,40,HITAM
13,48,37,HITAM
13,48,37,HITAM
15,26,39,HITAM
15,26,39,HITAM
18,35,36,HITAM
20,21,37,HITAM
24,36,35,HITAM
24,36,35,HITAM
13,46,39,HITAM
13,50,36,HITAM
13,50,36,HITAM
13,46,39,HITAM
13,46,39,HITAM
13,46,39,HITAM
6,32,40,HITAM
6,32,40,HITAM
13,45,40,HITAM
11,47,43,HITAM
11,45,45,HITAM
11,45,45,HITAM
12,54,47,HITAM
11,45,45,HITAM
11,45,45,HITAM
8,22,46,HITAM
8,22,46,HITAM
13,40,45,HITAM
19,46,44,HITAM
19,46,44,HITAM
19,43,48,HITAM
20,35,44,HITAM
11,43,48,HITAM
11,43,48,HITAM
11,41,50,ABU-ABU
11,41,50,ABU-ABU
13,36,49,HITAM
8,57,49,HITAM
140,28,27,HITAM
150,19,27,HITAM
140,29,26,HITAM
140,29,26,HITAM
120,10,25,HITAM
120,23,22,HITAM
120,23,22,HITAM
140,33,23,HITAM
120,12,21,HITAM
120,12,21,HITAM
120,13,19,HITAM
120,13,19,HITAM
120,14,18,HITAM
0,0,17,PUTIH
0,0,16,PUTIH
0,0,16,PUTIH
120,30,17,HITAM
0,0,15,PUTIH
0,0,15,PUTIH
128,57,18,HITAM
128,57,18,HITAM
0,0,15,PUTIH
0,0,13,PUTIH
0,0,13,PUTIH
0,0,15,PUTIH
0,0,15,PUTIH
120,16,16,HITAM
120,16,16,HITAM
0,0,14,PUTIH
0,0,14,PUTIH
0,0,17,PUTIH
120,13,19,HITAM
120,13,19,HITAM
0,0,19,PUTIH
0,0,18,PUTIH
0,0,18,PUTIH
0,0,20,PUTIH
160,31,25,HITAM
0,0,22,PUTIH
0,0,22,PUTIH
165,21,24,HITAM
165,21,24,HITAM
165,20,25,HITAM
165,20,26,HITAM
165,20,26,HITAM
120,10,26,HITAM
165,17,30,HITAM
165,17,30,HITAM
165,18,29,HITAM
165,15,34,HITAM
165,15,34,HITAM
170,23,33,HITAM
170,21,37,HITAM
170,21,37,HITAM
165,13,38,HITAM
20,22,35,HITAM
20,22,35,HITAM
20,21,37,HITAM
24,35,36,HITAM
24,35,36,HITAM
20,23,34,HITAM
165,15,33,HITAM
165,15,33,HITAM
20,23,34,HITAM
20,20,38,HITAM
20,20,38,HITAM
30,14,36,HITAM
20,19,40,HITAM
20,19,40,HITAM
165,13,39,HITAM
165,13,39,HITAM
165,13,38,HITAM
0,0,42,PUTIH
20,18,43,HITAM
20,18,43,HITAM
13,38,47,HITAM
20,17,44,HITAM
20,17,44,HITAM
24,28,45,HITAM
23,24,43,HITAM
23,24,43,HITAM
13,40,45,HITAM
13,40,45,HITAM
15,23,45,HITAM
165,14,37,HITAM
20,20,39,HITAM
20,20,39,HITAM
30,13,40,HITAM
10,37,41,HITAM
10,37,41,HITAM
19,50,41,HITAM
19,50,41,HITAM
0,24,43,PUTIH
19,49,42,HITAM
19,49,42,HITAM
11,44,46,HITAM
20,17,44,HITAM
13,42,43,HITAM
13,42,43,HITAM
20,18,42,HITAM
20,18,42,HITAM
20,19,40,HITAM
20,19,41,HITAM
20,19,41,HITAM
19,49,42,HITAM
6,30,43,HITAM
6,30,43,HITAM
6,29,44,HITAM
6,31,41,HITAM
6,30,42,HITAM
6,30,42,HITAM
6,30,43,HITAM
6,30,43,HITAM
8,24,42,HITAM
15,24,43,HITAM
15,24,43,HITAM
165,12,42,HITAM
20,18,42,HITAM
20,18,42,HITAM
15,12,43,HITAM
15,12,43,HITAM
23,24,43,HITAM
13,37,48,HITAM
20,17,46,HITAM
15,11,46,HITAM
10,32,48,HITAM
10,32,48,HITAM
15,59,52,ORANGE
20,46,50,ABU-ABU
20,46,50,ABU-ABU
19,39,52,ABU-ABU
13,43,53,ABU-ABU
13,43,53,ABU-ABU
8,56,50,ORANGE
8,54,52,ORANGE
8,54,52,ORANGE
8,52,54,ORANGE
13,48,48,HITAM
13,48,48,HITAM
11,40,51,ABU-ABU
4,36,50,ABU-ABU
4,36,50,ABU-ABU
9,35,51,ABU-ABU
20,17,46,HITAM
20,17,46,HITAM
23,23,45,HITAM
23,23,45,HITAM
38,24,43,HITAM
23,26,40,HITAM
30,12,43,HITAM
30,12,43,HITAM
24,31,41,HITAM
6,30,42,HITAM
6,30,42,HITAM
20,20,38,HITAM
0,0,37,PUTIH
0,0,37,PUTIH
20,21,37,HITAM
20,21,37,HITAM
0,0,37,PUTIH
0,0,39,PUTIH
0,0,37,PUTIH
0,0,37,PUTIH
165,12,41,HITAM
170,18,43,HITAM
170,18,43,HITAM
0,0,40,PUTIH
0,0,40,PUTIH
0,0,40,PUTIH
0,0,39,PUTIH
0,0,39,PUTIH
0,0,40,PUTIH
0,0,40,PUTIH
30,12,42,HITAM
30,12,42,HITAM
30,13,40,HITAM
30,13,40,HITAM
0,0,20,PUTIH
120,24,21,HITAM
120,23,22,HITAM
120,23,22,HITAM
0,0,20,PUTIH
0,0,20,PUTIH
0,0,20,PUTIH
0,0,15,PUTIH
140,43,18,HITAM
140,43,18,HITAM
120,32,16,HITAM
120,32,16,HITAM
120,32,16,HITAM
140,45,17,HITAM
128,64,16,HITAM
128,64,16,HITAM
150,55,14,HITAM
120,36,14,HITAM
120,36,14,HITAM
140,55,14,HITAM
140,55,14,HITAM
120,36,14,HITAM
120,36,14,HITAM
120,36,14,HITAM
120,34,15,HITAM
120,34,15,HITAM
120,30,17,HITAM
120,30,17,HITAM
165,34,15,HITAM
165,34,15,HITAM
140,45,17,HITAM
140,45,17,HITAM
140,45,17,HITAM
0,0,17,PUTIH
120,15,34,HITAM
120,15,34,HITAM
0,0,34,PUTIH
36,35,36,HITAM
20,21,37,HITAM
20,21,37,HITAM
13,47,38,HITAM
13,47,38,HITAM
13,40,45,HITAM
13,53,43,HITAM
13,53,43,HITAM
4,47,43,HITAM
9,40,45,HITAM
9,40,45,HITAM
8,58,48,HITAM
20,19,40,HITAM
20,19,40,HITAM
24,47,27,HITAM
0,0,26,PUTIH
0,0,26,PUTIH
0,0,23,PUTIH
165,20,26,HITAM
165,20,26,HITAM
0,0,21,PUTIH
0,0,23,PUTIH
0,0,23,PUTIH
0,0,22,PUTIH
20,29,26,HITAM
20,29,26,HITAM
20,29,26,HITAM
8,36,28,HITAM
8,36,28,HITAM
15,18,28,HITAM
23,38,27,HITAM
23,38,27,HITAM
30,19,27,HITAM
30,19,27,HITAM
20,28,27,HITAM
15,19,27,HITAM
165,19,27,HITAM
165,19,27,HITAM
165,19,27,HITAM
165,19,27,HITAM
165,19,27,HITAM
20,27,28,HITAM
170,26,29,HITAM
170,26,29,HITAM
20,27,28,HITAM
20,27,28,HITAM
173,30,34,HITAM
30,8,32,HITAM
140,23,34,HITAM
175,49,31,HITAM
165,22,23,HITAM
30,12,22,HITAM
30,12,22,HITAM
165,22,23,HITAM
165,27,19,HITAM
165,27,19,HITAM
165,27,19,HITAM
0,0,16,PUTIH
0,0,16,PUTIH
140,45,17,HITAM
140,45,17,HITAM
170,45,17,HITAM
165,34,15,HITAM
165,32,16,HITAM
165,32,16,HITAM
165,36,14,HITAM
165,32,16,HITAM
165,32,16,HITAM
170,48,16,HITAM
170,48,16,HITAM
170,51,15,HITAM
150,34,15,HITAM
150,34,15,HITAM
165,34,15,HITAM
165,34,15,HITAM
165,32,16,HITAM
165,32,16,HITAM
170,45,17,HITAM
170,45,17,HITAM
150,45,17,HITAM
165,30,17,HITAM
165,30,17,HITAM
165,28,18,HITAM
165,28,18,HITAM
165,28,18,HITAM
165,26,20,HITAM
165,26,20,HITAM
20,38,20,HITAM
20,38,20,HITAM
165,22,23,HITAM
165,22,23,HITAM
140,32,24,HITAM
165,22,23,HITAM
165,22,23,HITAM
165,22,23,HITAM
165,22,23,HITAM
165,22,23,HITAM
0,0,22,PUTIH
140,32,24,HITAM
140,32,24,HITAM
10,31,25,HITAM
165,16,31,HITAM
165,16,31,HITAM
170,20,38,HITAM
165,13,40,HITAM
165,13,40,HITAM
165,13,38,HITAM
0,26,40,PUTIH
0,26,40,PUTIH
165,13,39,HITAM
170,19,41,HITAM
170,19,41,HITAM
165,13,39,HITAM
20,19,40,HITAM
20,19,40,HITAM
165,12,42,HITAM
20,19,41,HITAM
20,19,41,HITAM
4,47,43,HITAM
4,47,43,HITAM
13,43,42,HITAM
11,50,41,HITAM
11,51,40,HITAM
11,51,40,HITAM
4,47,43,HITAM
3,62,45,HITAM
3,62,45,HITAM
7,52,44,HITAM
10,75,41,HITAM
10,75,41,HITAM
10,70,44,HITAM
10,70,44,HITAM
13,55,42,HITAM
12,59,43,HITAM
9,59,43,HITAM
9,59,43,HITAM
6,34,38,HITAM
6,33,39,HITAM
6,33,39,HITAM
10,41,37,HITAM
10,41,37,HITAM
30,15,34,HITAM
170,22,35,HITAM
170,22,35,HITAM
0,27,38,PUTIH
170,42,36,HITAM
6,34,37,HITAM
6,34,37,HITAM
173,28,37,HITAM
173,28,37,HITAM
20,22,35,HITAM
23,29,35,HITAM
23,29,35,HITAM
36,36,35,HITAM
23,28,36,HITAM
10,70,22,HITAM
140,36,21,HITAM
0,38,20,PUTIH
0,38,20,PUTIH
150,27,19,HITAM
165,28,18,HITAM
165,28,18,HITAM
170,43,18,HITAM
150,40,19,HITAM
150,40,19,HITAM
20,45,17,HITAM
20,45,17,HITAM
165,32,16,HITAM
170,45,17,HITAM
165,34,15,HITAM
165,34,15,HITAM
165,36,14,HITAM
0,0,13,PUTIH
0,0,13,PUTIH
165,36,14,HITAM
165,36,14,HITAM
170,51,15,HITAM
0,0,12,PUTIH
0,0,12,PUTIH
165,43,12,HITAM
140,51,15,HITAM
160,45,17,HITAM
160,45,17,HITAM
0,0,22,PUTIH
0,0,22,PUTIH
156,39,33,HITAM
150,27,28,HITAM
150,27,28,HITAM
170,26,30,HITAM
176,53,34,HITAM
176,53,34,HITAM
173,32,32,HITAM
6,35,36,HITAM
0,22,46,PUTIH
0,22,46,PUTIH
177,49,47,HITAM
177,49,47,HITAM
0,40,45,PUTIH
0,31,50,PUTIH
0,31,50,PUTIH
7,47,49,HITAM
6,51,50,ORANGE
6,51,50,ORANGE
7,61,54,ORANGE
179,84,64,MERAH
179,84,64,MERAH
5,77,60,ORANGE
8,70,58,ORANGE
8,70,58,ORANGE
4,61,59,MERAH
7,58,57,ORANGE
10,82,78,ORANGE
10,82,78,ORANGE
10,86,80,ORANGE
12,90,85,ORANGE
7,81,82,ORANGE
7,81,82,ORANGE
8,81,82,ORANGE
8,81,82,ORANGE
10,79,81,ORANGE
13,77,80,ORANGE
13,77,80,ORANGE
13,75,78,ORANGE
15,79,77,ORANGE
15,79,77,ORANGE
9,73,80,ORANGE
15,80,70,ORANGE
15,80,70,ORANGE
4,54,38,HITAM
4,58,35,HITAM
4,58,35,HITAM
4,51,35,HITAM
0,30,34,PUTIH
0,30,34,PUTIH
4,51,35,HITAM
10,45,34,HITAM
10,45,34,HITAM
168,36,35,HITAM
0,23,34,PUTIH
0,23,34,PUTIH
165,15,33,HITAM
173,28,36,HITAM
173,28,36,HITAM
6,36,35,HITAM
13,50,36,HITAM
13,50,36,HITAM
13,45,40,HITAM
13,45,40,HITAM
11,50,41,HITAM
11,51,40,HITAM
12,59,43,HITAM
12,59,43,HITAM
15,52,39,HITAM
15,67,46,HITAM
15,67,46,HITAM
13,57,40,HITAM
15,64,40,HITAM
15,64,40,HITAM
4,43,42,HITAM
4,43,42,HITAM
10,36,42,HITAM
11,49,42,HITAM
13,53,43,HITAM
140,27,28,HITAM
120,10,26,HITAM
160,29,26,HITAM
160,29,26,HITAM
165,26,20,HITAM
165,28,18,HITAM
165,28,18,HITAM
165,30,17,HITAM
165,34,15,HITAM
165,34,15,HITAM
165,34,15,HITAM
165,34,15,HITAM
165,39,13,HITAM
0,0,12,PUTIH
0,0,11,PUTIH
0,0,11,PUTIH
165,46,11,HITAM
0,0,10,PUTIH
0,0,10,PUTIH
0,0,11,PUTIH
0,0,11,PUTIH
120,21,12,HITAM
0,0,10,PUTIH
0,0,10,PUTIH
0,0,10,PUTIH
0,0,11,PUTIH
0,0,10,PUTIH
0,0,10,PUTIH
128,73,14,HITAM
128,73,14,HITAM
165,43,12,HITAM
165,43,12,HITAM
165,43,12,HITAM
0,0,12,PUTIH
0,0,12,PUTIH
0,0,12,PUTIH
0,0,14,PUTIH
0,0,14,PUTIH
0,0,15,PUTIH
0,0,15,PUTIH
0,0,15,PUTIH
0,0,15,PUTIH
0,0,16,PUTIH
0,0,19,PUTIH
0,0,19,PUTIH
120,14,36,HITAM
120,14,36,HITAM
120,14,36,HITAM
0,41,44,PUTIH
6,53,48,HITAM
6,53,48,HITAM
9,49,67,ABU-ABU
6,55,69,ORANGE
6,55,69,ORANGE
5,75,78,ORANGE
8,79,84,ORANGE
8,79,84,ORANGE
8,70,88,ORANGE
8,77,89,ORANGE
8,77,89,ORANGE
9,80,92,ORANGE
8,84,94,ORANGE
8,84,94,ORANGE
10,79,97,ORANGE
10,89,95,ORANGE
10,89,95,ORANGE
6,84,100,ORANGE
9,93,99,ORANGE
9,93,99,ORANGE
5,80,96,ORANGE
5,80,96,ORANGE
6,78,95,ORANGE
12,71,83,ORANGE
8,88,90,ORANGE
8,88,90,ORANGE
10,98,83,ORANGE
12,77,76,ORANGE
12,77,76,ORANGE
10,91,70,ORANGE
10,78,72,ORANGE
10,78,72,ORANGE
8,65,59,ORANGE
8,65,59,ORANGE
8,48,59,ABU-ABU
12,44,58,ABU-ABU
0,0,50,PUTIH
0,0,50,PUTIH
10,29,26,HITAM
15,20,26,HITAM
15,20,26,HITAM
20,26,29,HITAM
20,26,29,HITAM
20,26,29,HITAM
165,18,29,HITAM
165,18,29,HITAM
165,16,32,HITAM
0,0,32,PUTIH
30,15,33,HITAM
30,15,33,HITAM
120,13,39,HITAM
120,13,39,HITAM
20,20,38,HITAM
15,25,41,HITAM
15,25,41,HITAM
50,21,37,HITAM
6,33,39,HITAM
6,33,39,HITAM
6,34,38,HITAM
20,20,38,HITAM
173,45,68,ABU-ABU
173,45,68,ABU-ABU
8,37,76,ABU-ABU
8,37,76,ABU-ABU
23,15,70,ABU-ABU
6,33,78,ABU-ABU
6,33,78,ABU-ABU
19,30,69,ABU-ABU
13,55,74,ORANGE
13,55,74,ORANGE
16,59,73,ORANGE
16,59,73,ORANGE
6,50,76,ORANGE
21,34,74,ABU-ABU
13,37,62,ABU-ABU
13,37,62,ABU-ABU
10,28,55,ABU-ABU
10,31,49,HITAM
10,31,49,HITAM
13,39,46,HITAM
19,46,44,HITAM
19,46,44,HITAM
18,32,40,HITAM
18,32,40,HITAM
23,26,39,HITAM
10,37,41,HITAM
20,21,37,HITAM
20,21,37,HITAM
165,13,39,HITAM
20,20,38,HITAM
20,20,38,HITAM
38,27,38,HITAM
38,27,38,HITAM
30,11,47,HITAM
168,22,58,ABU-ABU
168,22,58,ABU-ABU
12,40,63,ABU-ABU
5,44,69,ABU-ABU
11,30,68,ABU-ABU
11,30,68,ABU-ABU
21,34,53,ABU-ABU
21,34,53,ABU-ABU
6,44,58,ABU-ABU
8,49,57,ABU-ABU
8,49,57,ABU-ABU
15,49,52,ABU-ABU
7,42,55,ABU-ABU
7,42,55,ABU-ABU
6,23,55,ABU-ABU
12,30,43,HITAM
10,31,49,HITAM
10,31,49,HITAM
23,41,50,ABU-ABU
23,41,50,ABU-ABU
23,36,56,ABU-ABU
36,22,57,ABU-ABU
36,22,57,ABU-ABU
21,32,56,ABU-ABU
25,28,54,ABU-ABU
25,28,54,ABU-ABU
23,19,55,ABU-ABU
11,35,59,ABU-ABU
11,35,59,ABU-ABU
13,31,57,ABU-ABU
15,41,50,ABU-ABU
0,42,36,PUTIH
15,15,34,HITAM
6,35,36,HITAM
6,35,36,HITAM
10,41,37,HITAM
10,42,36,HITAM
0,41,37,PUTIH
0,41,37,PUTIH
0,28,36,PUTIH
0,28,36,PUTIH
20,20,38,HITAM
20,15,50,ABU-ABU
20,15,50,ABU-ABU
8,18,56,ABU-ABU
17,56,64,ORANGE
17,56,64,ORANGE
7,51,65,ORANGE
0,17,61,PUTIH
14,40,71,ABU-ABU
14,40,71,ABU-ABU
3,31,74,ABU-ABU
3,31,74,ABU-ABU
18,18,72,ABU-ABU
11,28,74,ABU-ABU
11,28,74,ABU-ABU
17,57,81,ORANGE
15,61,75,ORANGE
15,61,75,ORANGE
5,56,77,ORANGE
4,47,81,ABU-ABU
4,47,81,ABU-ABU
178,49,83,ABU-ABU
14,39,72,ABU-ABU
14,39,72,ABU-ABU
14,48,59,ABU-ABU
0,33,46,PUTIH
0,33,46,PUTIH
11,52,39,HITAM
6,74,48,HITAM
6,74,48,HITAM
9,58,44,HITAM
9,42,43,HITAM
9,42,43,HITAM
13,40,45,HITAM
23,22,47,HITAM
23,22,47,HITAM
9,36,50,ABU-ABU
15,50,51,ORANGE
15,50,51,ORANGE
173,29,35,HITAM
120,15,33,HITAM
0,0,27,PUTIH
0,0,27,PUTIH
0,0,22,PUTIH
170,31,25,HITAM
170,31,25,HITAM
165,23,22,HITAM
165,23,22,HITAM
165,23,22,HITAM
165,24,21,HITAM
165,24,21,HITAM
165,24,21,HITAM
170,38,20,HITAM
170,40,19,HITAM
170,40,19,HITAM
165,28,18,HITAM
165,28,18,HITAM
165,28,18,HITAM
165,28,18,HITAM
165,28,18,HITAM
165,28,18,HITAM
165,27,19,HITAM
165,27,19,HITAM
165,27,19,HITAM
165,27,19,HITAM
165,27,19,HITAM
165,27,19,HITAM
6,58,22,HITAM
6,58,22,HITAM
165,27,19,HITAM
165,26,20,HITAM
165,26,20,HITAM
165,24,21,HITAM
165,24,21,HITAM
165,24,21,HITAM
15,24,21,HITAM
20,36,21,HITAM
165,23,22,HITAM
165,23,22,HITAM
30,13,20,HITAM
30,13,20,HITAM
8,44,23,HITAM
165,23,22,HITAM
165,23,22,HITAM
165,22,23,HITAM
15,23,22,HITAM
15,23,22,HITAM
165,19,27,HITAM
165,17,30,HITAM
165,17,30,HITAM
30,9,28,HITAM
170,25,31,HITAM
170,25,31,HITAM
15,18,29,HITAM
165,17,30,HITAM
165,17,30,HITAM
165,18,29,HITAM
170,26,30,HITAM
170,26,30,HITAM
20,26,29,HITAM
20,26,29,HITAM
20,26,29,HITAM
6,41,31,HITAM
15,33,31,HITAM
15,33,31,HITAM
20,27,28,HITAM
5,48,32,HITAM
5,48,32,HITAM
6,40,32,HITAM
6,40,32,HITAM
15,33,31,HITAM
20,25,31,HITAM
24,41,31,HITAM
24,41,31,HITAM
10,46,33,HITAM
13,54,33,HITAM
13,54,33,HITAM
0,31,33,PUTIH
20,25,31,HITAM
20,25,31,HITAM
20,26,29,HITAM
20,26,29,HITAM
30,17,30,HITAM
8,32,32,HITAM
20,25,31,HITAM
20,25,31,HITAM
6,40,32,HITAM
0,23,34,PUTIH
0,23,34,PUTIH
30,16,31,HITAM
30,16,31,HITAM
6,39,33,HITAM
18,40,32,HITAM
18,40,32,HITAM
20,24,32,HITAM
15,15,33,HITAM
20,23,33,HITAM
20,23,33,HITAM
15,16,32,HITAM
15,16,32,HITAM
23,31,33,HITAM
24,36,35,HITAM
24,36,35,HITAM
6,35,36,HITAM
10,42,36,HITAM
10,42,36,HITAM
10,44,35,HITAM
24,38,34,HITAM
24,35,36,HITAM
24,35,36,HITAM
24,36,35,HITAM
24,36,35,HITAM
11,54,38,HITAM
9,47,38,HITAM
9,47,38,HITAM
13,50,36,HITAM
6,30,43,HITAM
6,30,43,HITAM
13,36,49,HITAM
13,36,49,HITAM
10,33,47,HITAM
13,38,47,HITAM
6,26,50,ABU-ABU
6,26,50,ABU-ABU
13,46,50,ABU-ABU
14,56,50,ORANGE
14,56,50,ORANGE
10,58,53,ORANGE
10,58,53,ORANGE
13,46,50,ABU-ABU
15,50,51,ORANGE
16,57,49,HITAM
16,57,49,HITAM
13,48,48,HITAM
13,44,52,ABU-ABU
13,44,52,ABU-ABU
13,37,48,HITAM
13,37,48,HITAM
13,46,50,ABU-ABU
9,34,53,ABU-ABU
9,34,53,ABU-ABU
7,46,50,ABU-ABU
13,36,49,HITAM
13,51,45,HITAM
13,51,45,HITAM
19,47,43,HITAM
19,47,43,HITAM
20,20,39,HITAM
13,46,39,HITAM
13,46,39,HITAM
15,15,34,HITAM
15,30,34,HITAM
15,30,34,HITAM
13,53,34,HITAM
13,50,36,HITAM
0,31,33,PUTIH
0,31,33,PUTIH
6,36,35,HITAM
6,36,35,HITAM
23,32,32,HITAM
0,24,32,PUTIH
0,24,32,PUTIH
15,16,32,HITAM
15,16,32,HITAM
15,16,32,HITAM
150,24,32,HITAM
120,8,31,HITAM
120,8,31,HITAM
0,0,30,PUTIH
170,24,32,HITAM
170,24,32,HITAM
8,33,31,HITAM
120,8,31,HITAM
120,8,31,HITAM
6,38,34,HITAM
0,44,35,PUTIH
0,44,35,PUTIH
20,23,33,HITAM
15,15,33,HITAM
15,15,33,HITAM
15,15,34,HITAM
20,23,34,HITAM
20,23,34,HITAM
20,22,35,HITAM
165,15,33,HITAM
165,15,33,HITAM
15,15,35,HITAM
15,15,35,HITAM
30,8,33,HITAM
15,14,36,HITAM
30,15,33,HITAM
30,15,33,HITAM
15,14,36,HITAM
30,15,35,HITAM
30,15,35,HITAM
30,15,34,HITAM
20,22,35,HITAM
20,22,35,HITAM
30,15,33,HITAM
30,15,33,HITAM
165,14,36,HITAM
15,15,35,HITAM
20,22,35,HITAM
20,22,35,HITAM
8,28,36,HITAM
6,35,36,HITAM
6,35,36,HITAM
15,15,33,HITAM
15,15,33,HITAM
15,15,34,HITAM
30,16,32,HITAM
30,16,32,HITAM
8,32,32,HITAM
24,40,32,HITAM
23,33,31,HITAM
23,33,31,HITAM
38,32,32,HITAM
38,32,32,HITAM
38,33,31,HITAM
15,16,32,HITAM
15,16,32,HITAM
15,15,33,HITAM
20,26,30,HITAM
20,26,30,HITAM
18,35,36,HITAM
30,13,39,HITAM
0,0,36,PUTIH
0,0,36,PUTIH
170,21,36,HITAM
170,21,36,HITAM
20,23,34,HITAM
120,8,34,HITAM
120,8,34,HITAM
165,15,34,HITAM
15,15,35,HITAM
15,15,35,HITAM
0,21,36,PUTIH
15,15,34,HITAM
15,15,34,HITAM
30,8,32,HITAM
30,8,34,HITAM
30,8,34,HITAM
30,8,31,HITAM
30,8,32,HITAM
30,8,32,HITAM
20,24,32,HITAM
20,24,32,HITAM
20,24,32,HITAM
24,39,33,HITAM
15,31,33,HITAM
15,31,33,HITAM
0,23,33,PUTIH
20,25,31,HITAM
20,25,31,HITAM
0,24,32,PUTIH
0,23,33,PUTIH
0,23,33,PUTIH
6,39,33,HITAM
6,39,33,HITAM
8,31,33,HITAM
36,39,33,HITAM
8,28,37,HITAM
8,28,37,HITAM
24,34,37,HITAM
24,34,37,HITAM
24,34,37,HITAM
13,36,49,HITAM
13,36,49,HITAM
13,30,59,ABU-ABU
19,38,53,ABU-ABU
19,38,53,ABU-ABU
13,43,53,ABU-ABU
13,43,53,ABU-ABU
13,33,54,ABU-ABU
13,33,54,ABU-ABU
19,38,54,ABU-ABU
13,42,54,ABU-ABU
13,42,54,ABU-ABU
20,46,50,ABU-ABU
20,46,50,ABU-ABU
4,38,54,ABU-ABU
15,21,49,HITAM
15,21,49,HITAM
19,40,51,ABU-ABU
6,22,57,ABU-ABU
21,34,53,ABU-ABU
21,34,53,ABU-ABU
4,30,60,ABU-ABU
4,30,60,ABU-ABU
4,31,58,ABU-ABU
0,26,58,PUTIH
0,26,58,PUTIH
170,27,56,ABU-ABU
13,31,57,ABU-ABU
13,31,57,ABU-ABU
20,28,54,ABU-ABU
6,22,57,ABU-ABU
6,22,57,ABU-ABU
6,22,57,ABU-ABU
6,23,56,ABU-ABU
6,23,56,ABU-ABU
6,22,58,ABU-ABU
20,28,55,ABU-ABU
20,28,55,ABU-ABU
170,14,53,ABU-ABU
10,29,53,ABU-ABU
10,29,53,ABU-ABU
6,23,55,ABU-ABU
6,23,55,ABU-ABU
19,36,57,ABU-ABU
13,31,57,ABU-ABU
11,35,58,ABU-ABU
11,35,58,ABU-ABU
15,17,61,ABU-ABU
6,22,59,ABU-ABU
6,22,59,ABU-ABU
11,32,63,ABU-ABU
13,36,63,ABU-ABU
13,36,63,ABU-ABU
8,45,63,ABU-ABU
8,45,63,ABU-ABU
13,29,61,ABU-ABU
6,21,60,ABU-ABU
20,12,62,ABU-ABU
20,12,62,ABU-ABU
173,17,59,ABU-ABU
11,34,60,ABU-ABU
11,34,60,ABU-ABU
19,35,58,ABU-ABU
19,35,58,ABU-ABU
165,14,36,HITAM
15,18,29,HITAM
0,0,26,PUTIH
0,0,26,PUTIH
165,22,23,HITAM
173,44,23,HITAM
173,44,23,HITAM
0,0,19,PUTIH
0,0,19,PUTIH
0,0,19,PUTIH
165,28,18,HITAM
165,28,18,HITAM
165,30,17,HITAM
0,0,15,PUTIH
0,0,14,PUTIH
0,0,14,PUTIH
0,0,14,PUTIH
0,0,14,PUTIH
0,0,14,PUTIH
0,0,15,PUTIH
0,0,15,PUTIH
0,0,14,PUTIH
0,0,14,PUTIH
0,0,14,PUTIH
120,30,17,HITAM
0,0,17,PUTIH
165,34,15,HITAM
165,34,15,HITAM
165,32,16,HITAM
165,32,16,HITAM
165,30,17,HITAM
140,43,18,HITAM
140,43,18,HITAM
120,27,19,HITAM
165,28,18,HITAM
165,28,18,HITAM
165,27,19,HITAM
0,0,18,PUTIH
128,39,26,HITAM
128,39,26,HITAM
165,24,21,HITAM
165,24,21,HITAM
165,21,24,HITAM
165,21,24,HITAM
165,21,24,HITAM
165,22,23,HITAM
165,21,24,HITAM
165,21,24,HITAM
165,20,25,HITAM
120,10,26,HITAM
120,10,26,HITAM
140,28,27,HITAM
0,0,27,PUTIH
0,0,27,PUTIH
0,0,28,PUTIH
0,0,29,PUTIH
0,0,29,PUTIH
0,0,32,PUTIH
165,15,33,HITAM
165,15,33,HITAM
0,0,34,PUTIH
0,0,33,PUTIH
0,0,33,PUTIH
0,0,33,PUTIH
0,0,34,PUTIH
0,0,34,PUTIH
165,15,33,HITAM
165,15,34,HITAM
165,15,34,HITAM
20,23,34,HITAM
20,23,34,HITAM
165,15,33,HITAM
0,22,35,PUTIH
0,0,41,PUTIH
0,0,41,PUTIH
0,0,38,PUTIH
75,13,39,HITAM
75,13,39,HITAM
165,12,41,HITAM
0,23,45,PUTIH
0,23,45,PUTIH
6,27,47,HITAM
6,27,47,HITAM
0,30,51,PUTIH
10,30,51,ABU-ABU
0,30,51,PUTIH
0,30,51,PUTIH
6,26,50,ABU-ABU
9,34,53,ABU-ABU
9,34,53,ABU-ABU
6,28,46,HITAM
6,28,46,HITAM
0,22,47,PUTIH
6,27,48,HITAM
6,27,48,HITAM
6,27,47,HITAM
173,22,47,HITAM
165,12,44,HITAM
165,12,44,HITAM
20,17,44,HITAM
20,17,44,HITAM
6,28,46,HITAM
20,19,40,HITAM
20,19,40,HITAM
20,19,41,HITAM
20,19,41,HITAM
20,19,41,HITAM
6,29,44,HITAM
165,13,38,HITAM
15,14,37,HITAM
15,14,37,HITAM
15,14,37,HITAM
15,14,37,HITAM
165,13,39,HITAM
6,29,44,HITAM
6,29,44,HITAM
173,24,42,HITAM
165,12,41,HITAM
165,12,41,HITAM
10,35,44,HITAM
10,35,44,HITAM
10,34,45,HITAM
10,35,44,HITAM
10,33,46,HITAM
20,19,41,HITAM
13,43,42,HITAM
13,43,42,HITAM
23,26,40,HITAM
23,25,41,HITAM
20,19,41,HITAM
20,19,41,HITAM
23,24,42,HITAM
13,50,46,HITAM
13,50,46,HITAM
18,29,44,HITAM
18,29,44,HITAM
10,17,44,HITAM
15,12,42,HITAM
15,12,42,HITAM
175,33,46,HITAM
15,11,45,HITAM
10,34,45,HITAM
10,34,45,HITAM
30,12,41,HITAM
30,12,41,HITAM
15,12,42,HITAM
23,23,44,HITAM
23,23,44,HITAM
23,24,42,HITAM
6,29,44,HITAM
6,29,44,HITAM
30,12,42,HITAM
20,17,44,HITAM
20,17,44,HITAM
20,17,44,HITAM
20,16,47,HITAM
20,16,47,HITAM
11,45,45,HITAM
6,28,45,HITAM
6,28,45,HITAM
11,44,46,HITAM
20,19,41,HITAM
20,20,39,HITAM
20,19,40,HITAM
20,19,40,HITAM
20,19,40,HITAM
20,22,35,HITAM
20,20,39,HITAM
20,20,39,HITAM
15,12,41,HITAM
21,44,41,HITAM
21,44,41,HITAM
20,19,40,HITAM
8,26,40,HITAM
8,26,40,HITAM
20,20,38,HITAM
0,25,41,PUTIH
0,25,41,PUTIH
23,26,40,HITAM
23,26,40,HITAM
10,19,41,HITAM
0,0,39,PUTIH
15,24,43,HITAM
15,24,43,HITAM
0,12,41,PUTIH
15,13,40,HITAM
15,13,40,HITAM
30,12,41,HITAM
30,12,41,HITAM
30,12,41,HITAM
20,17,44,HITAM
20,17,44,HITAM
20,18,42,HITAM
8,24,43,HITAM
20,21,37,HITAM
20,21,37,HITAM
20,17,44,HITAM
20,16,47,HITAM
20,16,47,HITAM
30,12,43,HITAM
30,12,43,HITAM
20,18,43,HITAM
13,41,44,HITAM
13,41,44,HITAM
18,27,47,HITAM
20,29,52,ABU-ABU
23,21,48,HITAM
23,21,48,HITAM
15,11,47,HITAM
15,11,47,HITAM
13,39,46,HITAM
15,11,47,HITAM
15,11,47,HITAM
15,22,47,HITAM
8,21,48,HITAM
8,21,48,HITAM
8,20,51,ABU-ABU
6,26,50,ABU-ABU
19,35,58,ABU-ABU
19,35,58,ABU-ABU
15,18,57,ABU-ABU
15,18,57,ABU-ABU
6,20,64,ABU-ABU
13,29,61,ABU-ABU
13,29,61,ABU-ABU
165,9,56,ABU-ABU
0,0,54,PUTIH
0,0,54,PUTIH
128,19,55,ABU-ABU
150,15,50,ABU-ABU
150,15,50,ABU-ABU
60,5,94,ABU-ABU
80,11,144,ABU-ABU
80,11,144,ABU-ABU
90,10,149,ABU-ABU
96,8,167,ABU-ABU
96,8,167,ABU-ABU
115,7,209,ABU-ABU
114,6,209,ABU-ABU
114,6,209,ABU-ABU
114,6,214,ABU-ABU
125,7,222,ABU-ABU
125,7,222,ABU-ABU
126,6,226,ABU-ABU
120,2,224,ABU-ABU
120,2,224,ABU-ABU
126,6,228,ABU-ABU
126,6,228,ABU-ABU
126,6,228,ABU-ABU
120,2,225,ABU-ABU
120,2,225,ABU-ABU
120,2,225,ABU-ABU
120,2,226,ABU-ABU
120,2,226,ABU-ABU
120,2,226,ABU-ABU
120,2,224,ABU-ABU
120,2,225,ABU-ABU
120,2,225,ABU-ABU
120,2,224,ABU-ABU
120,2,224,ABU-ABU
120,2,225,ABU-ABU
120,2,225,ABU-ABU
120,2,225,ABU-ABU
120,2,224,ABU-ABU
120,2,225,ABU-ABU
140,4,197,ABU-ABU
140,4,197,ABU-ABU
179,56,149,MERAH
179,65,122,MERAH
179,65,122,MERAH
19,154,171,ORANGE
19,154,171,ORANGE
23,188,184,KUNING
20,156,170,KUNING
20,156,170,KUNING
25,171,189,KUNING
20,92,181,KUNING
121,128,173,BIRU
121,128,173,BIRU
121,166,143,BIRU
121,166,143,BIRU
122,166,144,BIRU
120,165,144,BIRU
120,165,144,BIRU
121,159,146,BIRU
120,159,148,BIRU
120,159,148,BIRU
120,158,152,BIRU
120,152,153,BIRU
119,144,143,BIRU
119,144,143,BIRU
119,182,119,BIRU
119,182,119,BIRU
120,167,127,BIRU
119,166,137,BIRU
119,166,137,BIRU
119,167,136,BIRU
121,159,133,BIRU
121,159,133,BIRU
121,162,132,BIRU
121,162,132,BIRU
121,155,125,BIRU
123,150,124,BIRU
125,84,122,UNGU
125,84,122,UNGU
127,46,127,ABU-ABU
18,36,154,ABU-ABU
18,36,154,ABU-ABU
27,79,175,KUNING
23,90,184,KUNING
23,90,184,KUNING
23,90,185,KUNING
23,90,185,KUNING
24,135,192,KUNING
24,132,195,KUNING
23,133,196,KUNING
23,133,196,KUNING
23,133,194,KUNING
23,134,194,KUNING
23,134,194,KUNING
24,128,193,KUNING
24,128,193,KUNING
24,143,193,KUNING
25,124,198,KUNING
25,124,198,KUNING
113,5,225,ABU-ABU
125,7,220,ABU-ABU
135,7,148,ABU-ABU
135,7,148,ABU-ABU
158,36,133,ABU-ABU
158,36,133,ABU-ABU
145,22,127,ABU-ABU
159,36,133,ABU-ABU
159,36,133,ABU-ABU
12,49,157,ABU-ABU
10,44,186,ABU-ABU
10,44,186,ABU-ABU
125,7,232,ABU-ABU
125,7,233,ABU-ABU
125,7,234,ABU-ABU
125,7,234,ABU-ABU
125,6,236,ABU-ABU
125,6,236,ABU-ABU
124,8,234,ABU-ABU
125,7,231,ABU-ABU
125,7,231,ABU-ABU
125,7,232,ABU-ABU
125,7,233,ABU-ABU
125,7,233,ABU-ABU
125,7,233,ABU-ABU
125,7,232,ABU-ABU
125,7,232,ABU-ABU
125,6,237,ABU-ABU
125,7,234,ABU-ABU
125,7,234,ABU-ABU
126,5,233,ABU-ABU
132,5,232,ABU-ABU
132,5,232,ABU-ABU
120,10,198,ABU-ABU
111,16,114,ABU-ABU
111,16,114,ABU-ABU
120,11,46,HITAM
120,10,50,ABU-ABU
120,10,50,ABU-ABU
130,13,58,ABU-ABU
16,75,92,ORANGE
16,75,92,ORANGE
8,37,76,ABU-ABU
9,27,67,ABU-ABU
9,27,67,ABU-ABU
6,44,58,ABU-ABU
6,44,58,ABU-ABU
6,25,52,ABU-ABU
10,35,44,HITAM
15,25,41,HITAM
15,25,41,HITAM
6,30,43,HITAM
6,30,42,HITAM
6,30,42,HITAM
173,23,44,HITAM
15,13,39,HITAM
15,13,39,HITAM
165,14,37,HITAM
165,14,37,HITAM
150,13,40,HITAM
165,13,39,HITAM
165,13,38,HITAM
165,13,38,HITAM
120,13,40,HITAM
160,20,39,HITAM
160,20,39,HITAM
170,23,34,HITAM
170,23,34,HITAM
6,34,37,HITAM
20,23,33,HITAM
20,23,33,HITAM
170,22,35,HITAM
0,0,34,PUTIH
8,30,34,HITAM
8,30,34,HITAM
20,26,30,HITAM
20,26,30,HITAM
8,29,35,HITAM
165,15,34,HITAM
165,15,34,HITAM
165,15,33,HITAM
140,22,35,HITAM
140,22,35,HITAM
165,15,33,HITAM
120,8,34,HITAM
165,16,32,HITAM
165,16,32,HITAM
165,14,37,HITAM
165,14,37,HITAM
165,14,37,HITAM
0,0,35,PUTIH
0,0,35,PUTIH
0,0,34,PUTIH
120,7,36,HITAM
120,7,36,HITAM
0,0,31,PUTIH
0,0,33,PUTIH
0,0,33,PUTIH
120,8,33,HITAM
0,0,38,PUTIH
0,0,38,PUTIH
30,12,44,HITAM
0,0,44,PUTIH
0,0,44,PUTIH
30,11,45,HITAM
30,11,47,HITAM
30,11,47,HITAM
3,47,60,ABU-ABU
19,43,48,HITAM
19,43,48,HITAM
6,46,55,ABU-ABU
3,42,54,ABU-ABU
120,30,17,HITAM
120,28,18,HITAM
120,32,16,HITAM
120,32,16,HITAM
120,34,15,HITAM
120,34,15,HITAM
120,34,15,HITAM
120,36,14,HITAM
120,36,14,HITAM
120,36,14,HITAM
120,39,13,HITAM
120,39,13,HITAM
120,39,13,HITAM
130,64,12,HITAM
120,43,12,HITAM
120,43,12,HITAM
120,43,12,HITAM
120,23,11,HITAM
120,23,11,HITAM
120,43,12,HITAM
120,43,12,HITAM
130,64,12,HITAM
120,43,12,HITAM
120,43,12,HITAM
120,46,11,HITAM
120,46,11,HITAM
156,98,13,HITAM
156,98,13,HITAM
120,43,12,HITAM
120,43,12,HITAM
120,43,12,HITAM
120,43,12,HITAM
120,43,12,HITAM
130,55,14,HITAM
140,55,14,HITAM
140,55,14,HITAM
140,51,15,HITAM
120,34,15,HITAM
120,34,15,HITAM
120,34,15,HITAM
120,32,16,HITAM
120,32,16,HITAM
140,48,16,HITAM
140,48,16,HITAM
140,48,16,HITAM
120,30,17,HITAM
130,45,17,HITAM
130,45,17,HITAM
120,28,18,HITAM
120,28,18,HITAM
120,28,18,HITAM
120,30,17,HITAM
120,28,18,HITAM
120,28,18,HITAM
120,27,19,HITAM
120,26,20,HITAM
120,26,20,HITAM
130,38,20,HITAM
120,23,22,HITAM
120,23,22,HITAM
120,24,21,HITAM
120,24,21,HITAM
120,24,21,HITAM
120,20,25,HITAM
140,33,23,HITAM
140,33,23,HITAM
170,32,24,HITAM
165,22,23,HITAM
165,22,23,HITAM
170,31,25,HITAM
170,31,25,HITAM
170,32,24,HITAM
170,31,25,HITAM
0,0,22,PUTIH
0,0,22,PUTIH
150,21,24,HITAM
165,18,28,HITAM
165,18,28,HITAM
165,21,24,HITAM
170,31,25,HITAM
170,31,25,HITAM
170,31,25,HITAM
170,31,25,HITAM
170,29,26,HITAM
0,0,24,PUTIH
0,0,24,PUTIH
0,0,24,PUTIH
0,0,25,PUTIH
0,0,26,PUTIH
0,0,26,PUTIH
120,9,27,HITAM
120,9,27,HITAM
0,0,27,PUTIH
120,9,28,HITAM
120,9,28,HITAM
0,0,26,PUTIH
170,26,30,HITAM
165,18,29,HITAM
165,18,29,HITAM
165,18,29,HITAM
165,18,29,HITAM
0,0,27,PUTIH
8,33,31,HITAM
8,33,31,HITAM
20,26,30,HITAM
8,34,30,HITAM
8,34,30,HITAM
170,26,30,HITAM
8,34,30,HITAM
0,0,30,PUTIH
0,0,30,PUTIH
0,0,29,PUTIH
0,0,29,PUTIH
8,34,30,HITAM
30,17,30,HITAM
30,17,30,HITAM
6,39,33,HITAM
15,16,31,HITAM
15,16,31,HITAM
170,24,32,HITAM
0,0,30,PUTIH
0,0,30,PUTIH
165,16,31,HITAM
165,16,31,HITAM
165,16,31,HITAM
120,8,33,HITAM
120,8,32,HITAM
120,8,32,HITAM
165,18,28,HITAM
140,23,33,HITAM
140,23,33,HITAM
160,23,33,HITAM
0,0,29,PUTIH
0,0,29,PUTIH
170,26,30,HITAM
0,0,31,PUTIH
0,0,31,PUTIH
20,24,32,HITAM
170,25,31,HITAM
170,25,31,HITAM
0,8,33,PUTIH
0,8,33,PUTIH
170,23,34,HITAM
0,0,32,PUTIH
120,8,32,HITAM
120,8,32,HITAM
0,23,34,PUTIH
120,8,33,HITAM
120,8,33,HITAM
0,0,31,PUTIH
0,0,31,PUTIH
0,0,32,PUTIH
15,15,34,HITAM
15,15,34,HITAM
160,23,33,HITAM
20,46,33,HITAM
23,32,32,HITAM
23,32,32,HITAM
36,40,32,HITAM
120,8,31,HITAM
120,8,31,HITAM
20,24,32,HITAM
20,24,32,HITAM
30,9,30,HITAM
8,31,33,HITAM
8,31,33,HITAM
18,40,32,HITAM
170,23,33,HITAM
0,0,30,PUTIH
0,0,30,PUTIH
0,0,31,PUTIH
0,0,31,PUTIH
0,0,31,PUTIH
20,24,32,HITAM
20,24,32,HITAM
30,7,35,HITAM
0,0,33,PUTIH
0,0,33,PUTIH
120,8,33,HITAM
120,15,34,HITAM
120,15,34,HITAM
0,0,33,PUTIH
0,0,32,PUTIH
0,0,32,PUTIH
20,24,32,HITAM
165,15,33,HITAM
165,15,33,HITAM
30,8,33,HITAM
20,23,33,HITAM
20,23,33,HITAM
150,15,34,HITAM
150,15,34,HITAM
8,28,36,HITAM
8,30,34,HITAM
10,23,34,HITAM
10,23,34,HITAM
165,15,33,HITAM
165,15,34,HITAM
165,15,34,HITAM
150,15,34,HITAM
165,15,34,HITAM
165,15,34,HITAM
8,30,34,HITAM
8,30,34,HITAM
165,15,34,HITAM
0,0,34,PUTIH
0,0,31,PUTIH
0,0,31,PUTIH
0,0,32,PUTIH
30,15,34,HITAM
30,15,34,HITAM
30,8,34,HITAM
30,8,34,HITAM
8,29,35,HITAM
8,29,35,HITAM
8,29,35,HITAM
20,23,33,HITAM
15,30,34,HITAM
6,41,31,HITAM
6,41,31,HITAM
20,24,32,HITAM
20,24,32,HITAM
0,0,31,PUTIH
0,0,31,PUTIH
0,0,31,PUTIH
170,23,33,HITAM
20,25,31,HITAM
20,25,31,HITAM
15,15,33,HITAM
30,16,31,HITAM
140,22,35,HITAM
140,22,35,HITAM
140,21,36,HITAM
140,21,36,HITAM
165,15,34,HITAM
120,7,35,HITAM
120,7,35,HITAM
0,0,33,PUTIH
30,15,33,HITAM
30,15,33,HITAM
140,22,35,HITAM
170,21,36,HITAM
170,21,36,HITAM
120,8,32,HITAM
30,8,32,HITAM
30,8,32,HITAM
0,0,33,PUTIH
165,16,32,HITAM
165,16,32,HITAM
120,8,33,HITAM
0,22,35,PUTIH
0,22,35,PUTIH
150,15,33,HITAM
170,23,34,HITAM
170,23,34,HITAM
165,16,32,HITAM
150,16,32,HITAM
150,16,32,HITAM
150,15,33,HITAM
120,8,33,HITAM
120,8,33,HITAM
165,16,32,HITAM
165,16,32,HITAM
30,8,32,HITAM
0,0,32,PUTIH
0,0,31,PUTIH
0,0,31,PUTIH
165,15,33,HITAM
30,16,31,HITAM
30,16,31,HITAM
20,25,31,HITAM
20,25,31,HITAM
15,16,32,HITAM
170,24,32,HITAM
170,24,32,HITAM
15,32,32,HITAM
170,24,32,HITAM
165,17,30,HITAM
165,17,30,HITAM
30,9,28,HITAM
0,0,30,PUTIH
0,0,30,PUTIH
0,23,33,PUTIH
0,23,33,PUTIH
38,32,32,HITAM
0,0,30,PUTIH
0,0,30,PUTIH
0,0,30,PUTIH
0,0,30,PUTIH
20,24,32,HITAM
20,24,32,HITAM
170,23,34,HITAM
170,23,34,HITAM
0,0,31,PUTIH
20,23,33,HITAM
20,23,33,HITAM
0,0,31,PUTIH
120,8,32,HITAM
120,8,32,HITAM
30,16,31,HITAM
30,8,31,HITAM
30,8,31,HITAM
30,8,31,HITAM
0,8,33,PUTIH
0,8,33,PUTIH
0,23,34,PUTIH
18,39,33,HITAM
18,39,33,HITAM
8,31,33,HITAM
0,0,31,PUTIH
0,0,31,PUTIH
30,8,31,HITAM
0,0,31,PUTIH
0,0,31,PUTIH
15,16,31,HITAM
30,16,31,HITAM
30,16,31,HITAM
165,16,31,HITAM
0,0,32,PUTIH
0,0,32,PUTIH
150,15,33,HITAM
30,15,34,HITAM
30,15,34,HITAM
15,15,33,HITAM
30,15,33,HITAM
30,15,33,HITAM
30,8,33,HITAM
8,33,31,HITAM
8,33,31,HITAM
165,15,33,HITAM
20,23,33,HITAM
20,23,33,HITAM
150,15,33,HITAM
150,15,33,HITAM
15,15,33,HITAM
0,0,32,PUTIH
15,29,35,HITAM
15,29,35,HITAM
0,0,33,PUTIH
150,16,31,HITAM
150,16,31,HITAM
30,8,31,HITAM
30,8,31,HITAM
20,24,32,HITAM
8,30,34,HITAM
8,30,34,HITAM
170,23,33,HITAM
15,15,33,HITAM
15,15,33,HITAM
15,15,33,HITAM
15,16,32,HITAM
120,8,31,HITAM
120,8,31,HITAM
0,0,32,PUTIH
0,0,32,PUTIH
160,23,33,HITAM
165,15,33,HITAM
165,15,33,HITAM
165,16,32,HITAM
0,0,31,PUTIH
165,16,31,HITAM
165,16,31,HITAM
0,0,31,PUTIH
0,0,31,PUTIH
0,0,31,PUTIH
0,0,31,PUTIH
0,0,31,PUTIH
0,0,31,PUTIH
165,16,32,HITAM
165,16,32,HITAM
120,15,33,HITAM
30,16,31,HITAM
30,16,31,HITAM
0,0,31,PUTIH
40,22,35,HITAM
40,22,35,HITAM
30,8,33,HITAM
20,23,34,HITAM
20,23,34,HITAM
0,0,33,PUTIH
0,0,31,PUTIH
0,0,31,PUTIH
15,16,32,HITAM
15,16,32,HITAM
20,25,31,HITAM
8,31,33,HITAM
30,16,31,HITAM
30,16,31,HITAM
15,16,32,HITAM
30,18,29,HITAM
30,18,29,HITAM
20,25,31,HITAM
0,0,30,PUTIH
0,0,30,PUTIH
30,16,31,HITAM
30,16,31,HITAM
30,16,32,HITAM
20,23,34,HITAM
165,15,35,HITAM
165,15,35,HITAM
0,0,32,PUTIH
0,0,35,PUTIH
0,0,35,PUTIH
150,13,38,HITAM
150,13,38,HITAM
0,0,42,PUTIH
170,20,38,HITAM
170,20,38,HITAM
20,21,36,HITAM
150,13,38,HITAM
23,23,45,HITAM
23,23,45,HITAM
20,19,41,HITAM
20,19,41,HITAM
0,0,40,PUTIH
165,12,41,HITAM
165,12,41,HITAM
140,18,42,HITAM
150,12,41,HITAM
150,12,41,HITAM
30,13,39,HITAM
30,13,40,HITAM
23,25,41,HITAM
23,25,41,HITAM
8,24,43,HITAM
8,24,43,HITAM
6,30,43,HITAM
23,26,40,HITAM
23,26,40,HITAM
15,12,41,HITAM
0,12,41,PUTIH
0,12,41,PUTIH
0,0,40,PUTIH
18,29,44,HITAM
18,29,44,HITAM
165,12,43,HITAM
0,0,41,PUTIH
0,0,41,PUTIH
20,18,42,HITAM
0,0,41,PUTIH
0,0,41,PUTIH
130,17,45,HITAM
120,26,20,HITAM
120,24,21,HITAM
120,27,19,HITAM
120,27,19,HITAM
120,27,19,HITAM
120,30,17,HITAM
120,30,17,HITAM
120,32,16,HITAM
120,34,15,HITAM
120,34,15,HITAM
120,34,15,HITAM
120,34,15,HITAM
120,34,15,HITAM
120,36,14,HITAM
120,36,14,HITAM
120,36,14,HITAM
120,36,14,HITAM
120,39,13,HITAM
120,39,13,HITAM
120,39,13,HITAM
120,39,13,HITAM
120,39,13,HITAM
120,36,14,HITAM
120,36,14,HITAM
120,39,13,HITAM
120,39,13,HITAM
120,36,14,HITAM
120,36,14,HITAM
120,39,13,HITAM
120,39,13,HITAM
120,39,13,HITAM
120,30,17,HITAM
120,30,17,HITAM
120,28,18,HITAM
120,28,18,HITAM
120,28,18,HITAM
120,30,17,HITAM
120,28,18,HITAM
120,27,19,HITAM
120,27,19,HITAM
120,26,20,HITAM
120,26,20,HITAM
120,23,22,HITAM
120,23,22,HITAM
120,23,22,HITAM
120,20,25,HITAM
120,21,24,HITAM
120,21,24,HITAM
120,20,25,HITAM
120,19,27,HITAM
120,19,27,HITAM
120,20,26,HITAM
120,18,28,HITAM
120,18,28,HITAM
120,15,34,HITAM
120,18,29,HITAM
120,18,29,HITAM
120,18,28,HITAM
150,27,28,HITAM
150,27,28,HITAM
0,0,26,PUTIH
0,0,25,PUTIH
0,0,25,PUTIH
75,15,34,HITAM
120,15,33,HITAM
120,15,33,HITAM
0,0,37,PUTIH
165,14,37,HITAM
165,14,37,HITAM
175,36,43,HITAM
175,36,43,HITAM
165,12,41,HITAM
165,10,53,ABU-ABU
170,14,54,ABU-ABU
170,14,54,ABU-ABU
165,11,48,HITAM
0,0,46,PUTIH
0,0,46,PUTIH
0,0,41,PUTIH
160,17,45,HITAM
160,17,45,HITAM
165,11,47,HITAM
165,11,47,HITAM
0,0,41,PUTIH
165,12,42,HITAM
140,17,44,HITAM
140,17,44,HITAM
165,12,42,HITAM
165,12,42,HITAM
165,12,42,HITAM
120,12,42,HITAM
120,12,42,HITAM
170,17,44,HITAM
140,17,44,HITAM
140,17,44,HITAM
132,26,49,HITAM
165,12,43,HITAM
150,11,46,HITAM
150,11,46,HITAM
165,10,49,HITAM
165,10,49,HITAM
165,10,50,ABU-ABU
140,15,52,ABU-ABU
140,15,52,ABU-ABU
0,0,52,PUTIH
173,18,56,ABU-ABU
173,18,56,ABU-ABU
168,22,58,ABU-ABU
150,12,62,ABU-ABU
150,13,58,ABU-ABU
150,13,58,ABU-ABU
0,0,57,PUTIH
0,0,57,PUTIH
165,9,58,ABU-ABU
15,17,61,ABU-ABU
15,17,61,ABU-ABU
168,21,60,ABU-ABU
173,17,61,ABU-ABU
173,17,61,ABU-ABU
0,25,61,PUTIH
0,18,57,PUTIH
0,18,57,PUTIH
165,10,51,ABU-ABU
165,12,43,HITAM
165,12,43,HITAM
6,29,44,HITAM
30,12,41,HITAM
30,12,41,HITAM
170,17,45,HITAM
165,12,41,HITAM
165,12,41,HITAM
170,19,41,HITAM
40,20,38,HITAM
40,20,38,HITAM
165,14,37,HITAM
0,0,32,PUTIH
0,0,32,PUTIH
0,0,29,PUTIH
170,25,31,HITAM
170,25,31,HITAM
165,16,31,HITAM
165,16,31,HITAM
8,32,32,HITAM
20,25,31,HITAM
0,23,33,PUTIH
0,23,33,PUTIH
20,24,32,HITAM
0,23,33,PUTIH
0,23,33,PUTIH
160,23,34,HITAM
160,23,34,HITAM
150,16,32,HITAM
165,15,33,HITAM
165,15,33,HITAM
20,45,34,HITAM
165,14,36,HITAM
165,13,38,HITAM
165,13,38,HITAM
6,30,42,HITAM
6,27,48,HITAM
6,27,48,HITAM
6,24,53,ABU-ABU
6,24,53,ABU-ABU
15,47,54,ABU-ABU
6,24,53,ABU-ABU
6,24,53,ABU-ABU
13,33,54,ABU-ABU
17,33,54,ABU-ABU
19,33,62,ABU-ABU
19,33,62,ABU-ABU
21,29,88,ABU-ABU
21,29,88,ABU-ABU
23,31,100,ABU-ABU
20,25,62,ABU-ABU
20,25,62,ABU-ABU
20,21,36,HITAM
20,21,36,HITAM
20,21,36,HITAM
150,15,35,HITAM
38,22,47,HITAM
38,22,47,HITAM
23,7,145,ABU-ABU
120,2,208,ABU-ABU
120,2,208,ABU-ABU
128,5,213,ABU-ABU
160,18,128,ABU-ABU
160,18,128,ABU-ABU
121,164,123,BIRU
162,38,134,ABU-ABU
162,38,134,ABU-ABU
23,172,197,KUNING
23,172,197,KUNING
24,179,198,KUNING
23,182,200,KUNING
24,183,195,KUNING
24,183,195,KUNING
25,180,193,KUNING
25,175,191,KUNING
25,175,191,KUNING
27,176,191,KUNING
26,173,190,KUNING
26,173,190,KUNING
26,171,191,KUNING
26,171,191,KUNING
26,176,187,KUNING
26,169,186,KUNING
25,168,188,KUNING
25,168,188,KUNING
25,161,189,KUNING
25,157,183,KUNING
25,157,183,KUNING
25,144,179,KUNING
25,144,179,KUNING
150,14,128,ABU-ABU
121,131,140,BIRU
121,131,140,BIRU
120,169,115,BIRU
120,179,124,BIRU
120,185,132,BIRU
120,185,132,BIRU
120,185,134,BIRU
120,185,134,BIRU
120,182,132,BIRU
121,179,131,BIRU
121,179,131,BIRU
120,174,136,BIRU
120,178,135,BIRU
120,178,135,BIRU
120,166,134,BIRU
121,172,138,BIRU
120,133,123,BIRU
120,133,123,BIRU
121,146,108,BIRU
121,146,108,BIRU
126,6,225,ABU-ABU
116,8,228,ABU-ABU
116,8,228,ABU-ABU
125,7,228,ABU-ABU
115,7,227,ABU-ABU
115,7,227,ABU-ABU
125,7,227,ABU-ABU
125,7,227,ABU-ABU
125,7,227,ABU-ABU
115,7,224,ABU-ABU
126,6,225,ABU-ABU
126,6,225,ABU-ABU
115,7,225,ABU-ABU
115,7,227,ABU-ABU
115,7,227,ABU-ABU
116,10,179,ABU-ABU
75,9,56,ABU-ABU
75,9,56,ABU-ABU
126,24,53,ABU-ABU
126,27,47,HITAM
126,27,47,HITAM
126,27,47,HITAM
126,30,43,HITAM
126,30,43,HITAM
126,31,41,HITAM
130,14,53,ABU-ABU
130,14,53,ABU-ABU
170,12,62,ABU-ABU
170,12,62,ABU-ABU
20,16,49,HITAM
20,15,52,ABU-ABU
20,17,46,HITAM
20,17,46,HITAM
0,0,45,PUTIH
8,22,46,HITAM
171,28,63,ABU-ABU
177,37,69,ABU-ABU
3,47,60,ABU-ABU
3,47,60,ABU-ABU
5,59,56,ORANGE
7,87,53,ORANGE
7,87,53,ORANGE
5,68,49,HITAM
5,68,45,HITAM
5,68,45,HITAM
11,85,42,HITAM
11,85,42,HITAM
5,75,41,HITAM
9,83,40,HITAM
5,81,38,HITAM
5,81,38,HITAM
8,80,35,HITAM
8,85,36,HITAM
8,85,36,HITAM
8,74,38,HITAM
8,74,38,HITAM
8,76,37,HITAM
5,77,40,HITAM
5,77,40,HITAM
5,65,47,HITAM
10,67,57,ORANGE
6,64,56,ORANGE
6,64,56,ORANGE
5,56,55,ORANGE
5,56,55,ORANGE
9,72,60,ORANGE
11,61,59,ORANGE
11,61,59,ORANGE
10,74,62,ORANGE
11,78,69,ORANGE
11,78,69,ORANGE
11,80,67,ORANGE
5,61,71,ORANGE
10,62,74,ORANGE
10,62,74,ORANGE
10,74,86,ORANGE
10,74,86,ORANGE
10,76,87,ORANGE
11,80,89,ORANGE
11,80,89,ORANGE
11,78,88,ORANGE
10,79,84,ORANGE
10,79,84,ORANGE
10,76,84,ORANGE
8,87,91,ORANGE
8,87,91,ORANGE
9,85,90,ORANGE
6,67,103,ORANGE
6,67,103,ORANGE
9,70,98,ORANGE
9,70,98,ORANGE
9,70,98,ORANGE
11,79,100,ORANGE
11,70,102,ORANGE
11,70,102,ORANGE
11,72,96,ORANGE
10,72,99,ORANGE
10,72,99,ORANGE
7,75,102,ORANGE
8,78,101,ORANGE
8,78,101,ORANGE
11,84,103,ORANGE
8,91,112,ORANGE
8,91,112,ORANGE
9,83,111,ORANGE
9,83,111,ORANGE
9,78,111,ORANGE
10,76,110,ORANGE
9,78,111,ORANGE
9,78,111,ORANGE
9,89,115,ORANGE
11,83,114,ORANGE
11,83,114,ORANGE
11,86,115,ORANGE
9,79,113,ORANGE
9,79,113,ORANGE
11,80,111,ORANGE
11,80,111,ORANGE
9,75,112,ORANGE
10,73,112,ORANGE
11,77,113,ORANGE
11,77,113,ORANGE
11,88,116,ORANGE
13,88,116,ORANGE
13,88,116,ORANGE
11,74,121,ORANGE
11,74,121,ORANGE
10,74,124,ORANGE
9,78,125,ORANGE
9,78,125,ORANGE
14,77,116,ORANGE
12,76,121,ORANGE
13,75,116,ORANGE
13,75,116,ORANGE
10,54,118,ORANGE
10,54,118,ORANGE
13,56,123,ORANGE
15,41,148,ABU-ABU
15,41,148,ABU-ABU
14,42,157,ABU-ABU
12,49,157,ABU-ABU
12,49,157,ABU-ABU
7,41,143,ABU-ABU
13,58,102,ORANGE
8,42,92,ABU-ABU
8,42,92,ABU-ABU
8,33,86,ABU-ABU
8,33,86,ABU-ABU
162,16,81,ABU-ABU
9,26,68,ABU-ABU
9,26,68,ABU-ABU
160,22,69,ABU-ABU
146,25,82,ABU-ABU
146,25,82,ABU-ABU
161,16,130,ABU-ABU
120,3,202,ABU-ABU
120,3,202,ABU-ABU
120,2,217,ABU-ABU
140,3,221,ABU-ABU
140,3,221,ABU-ABU
140,3,221,ABU-ABU
140,3,222,ABU-ABU
140,3,222,ABU-ABU
140,3,223,ABU-ABU
140,3,221,ABU-ABU
140,3,221,ABU-ABU
132,6,223,ABU-ABU
140,4,215,ABU-ABU
140,4,215,ABU-ABU
140,4,202,ABU-ABU
156,6,204,ABU-ABU
156,6,204,ABU-ABU
140,4,203,ABU-ABU
140,4,205,ABU-ABU
140,4,205,ABU-ABU
132,6,208,ABU-ABU
132,6,208,ABU-ABU
140,4,206,ABU-ABU
120,2,205,ABU-ABU
140,4,214,ABU-ABU
140,4,214,ABU-ABU
120,2,212,ABU-ABU
120,2,213,ABU-ABU
120,2,213,ABU-ABU
120,2,213,ABU-ABU
120,2,213,ABU-ABU
120,2,216,ABU-ABU
140,4,180,ABU-ABU
140,4,180,ABU-ABU
140,18,42,HITAM
120,5,51,ABU-ABU
5,33,99,ABU-ABU
5,33,99,ABU-ABU
5,43,132,ABU-ABU
8,57,138,ORANGE
8,57,138,ORANGE
3,69,130,MERAH
3,69,130,MERAH
9,65,114,ORANGE
11,64,112,ORANGE
11,64,112,ORANGE
8,66,119,ORANGE
4,63,110,MERAH
5,63,114,ORANGE
5,63,114,ORANGE
6,56,110,ORANGE
6,56,110,ORANGE
6,58,106,ORANGE
10,60,107,ORANGE
10,60,107,ORANGE
12,56,105,ORANGE
8,44,104,ABU-ABU
8,44,104,ABU-ABU
16,64,104,ORANGE
11,68,109,ORANGE
11,68,109,ORANGE
9,68,112,ORANGE
8,61,108,ORANGE
8,61,108,ORANGE
8,50,103,ORANGE
6,47,103,ABU-ABU
6,47,103,ABU-ABU
6,66,109,ORANGE
0,60,110,PUTIH
0,60,110,PUTIH
2,60,124,MERAH
2,60,124,MERAH
9,71,129,ORANGE
3,61,143,MERAH
7,65,138,ORANGE
7,65,138,ORANGE
10,66,131,ORANGE
13,70,113,ORANGE
13,70,113,ORANGE
9,64,92,ORANGE
13,77,79,ORANGE
13,77,79,ORANGE
6,101,86,ORANGE
6,101,86,ORANGE
10,85,75,ORANGE
10,73,63,ORANGE
10,49,62,ABU-ABU
10,49,62,ABU-ABU
20,56,55,KUNING
7,98,65,ORANGE
7,98,65,ORANGE
6,116,64,ORANGE
6,116,64,ORANGE
12,85,51,ORANGE
11,97,50,ORANGE
11,97,50,ORANGE
8,64,44,HITAM
11,92,47,HITAM
11,112,48,HITAM
11,112,48,HITAM
12,83,46,HITAM
12,83,46,HITAM
15,81,44,HITAM
12,72,46,HITAM
12,72,46,HITAM
10,68,45,HITAM
12,65,39,HITAM
12,65,39,HITAM
12,64,40,HITAM
7,62,37,HITAM
7,62,37,HITAM
7,62,37,HITAM
7,60,38,HITAM
7,60,38,HITAM
11,54,38,HITAM
12,67,38,HITAM
12,67,38,HITAM
4,55,37,HITAM
4,79,71,MERAH
4,79,71,MERAH
2,61,109,MERAH
2,81,119,MERAH
2,81,119,MERAH
179,87,120,MERAH
6,95,110,ORANGE
6,95,110,ORANGE
8,105,107,ORANGE
6,104,105,ORANGE
6,104,105,ORANGE
5,95,107,ORANGE
6,96,111,ORANGE
6,96,111,ORANGE
6,88,110,ORANGE
8,98,112,ORANGE
8,98,112,ORANGE
9,93,107,ORANGE
9,104,103,ORANGE
9,104,103,ORANGE
10,110,95,ORANGE
8,131,72,ORANGE
8,131,72,ORANGE
30,49,31,HITAM
30,49,31,HITAM
20,31,25,HITAM
120,10,26,HITAM
0,0,23,PUTIH
0,0,23,PUTIH
0,0,22,PUTIH
0,0,22,PUTIH
0,0,22,PUTIH
120,20,25,HITAM
120,20,25,HITAM
120,21,24,HITAM
120,22,23,HITAM
120,22,23,HITAM
0,0,22,PUTIH
120,21,24,HITAM
120,21,24,HITAM
120,21,24,HITAM
120,21,24,HITAM
120,21,24,HITAM
120,21,24,HITAM
120,21,24,HITAM
120,21,24,HITAM
120,21,24,HITAM
120,20,26,HITAM
120,20,26,HITAM
120,20,26,HITAM
120,18,29,HITAM
120,12,42,HITAM
120,12,42,HITAM
120,12,44,HITAM
120,12,44,HITAM
120,5,51,ABU-ABU
15,10,50,ABU-ABU
15,10,50,ABU-ABU
21,31,58,ABU-ABU
11,62,58,ORANGE
11,62,58,ORANGE
4,72,57,MERAH
3,85,57,MERAH
8,93,55,ORANGE
8,93,55,ORANGE
9,58,70,ORANGE
9,58,70,ORANGE
13,63,73,ORANGE
7,84,79,ORANGE
7,84,79,ORANGE
8,66,70,ORANGE
10,84,73,ORANGE
10,84,73,ORANGE
11,74,72,ORANGE
8,87,76,ORANGE
8,87,76,ORANGE
4,64,84,MERAH
9,131,66,ORANGE
9,131,66,ORANGE
7,93,63,ORANGE
4,76,81,MERAH
4,76,81,MERAH
9,77,80,ORANGE
6,81,76,ORANGE
6,81,76,ORANGE
8,86,80,ORANGE
7,74,79,ORANGE
7,74,79,ORANGE
5,85,78,ORANGE
8,86,80,ORANGE
8,86,80,ORANGE
9,90,82,ORANGE
12,74,76,ORANGE
12,74,76,ORANGE
18,77,73,ORANGE
18,77,73,ORANGE
22,103,163,KUNING
23,111,216,KUNING
24,142,210,KUNING
24,142,210,KUNING
24,142,214,KUNING
24,140,215,KUNING
24,140,215,KUNING
24,135,213,KUNING
24,135,213,KUNING
24,139,215,KUNING
23,138,213,KUNING
23,138,213,KUNING
24,150,212,KUNING
25,163,210,KUNING
25,168,210,KUNING
25,168,210,KUNING
25,174,209,KUNING
25,179,207,KUNING
25,179,207,KUNING
25,173,206,KUNING
25,173,206,KUNING
25,173,206,KUNING
25,172,208,KUNING
25,172,208,KUNING
25,171,206,KUNING
25,176,206,KUNING
25,176,206,KUNING
25,176,206,KUNING
25,175,207,KUNING
25,175,207,KUNING
24,172,206,KUNING
12,46,168,ABU-ABU
12,46,168,ABU-ABU
124,99,155,BIRU
119,139,139,BIRU
119,139,139,BIRU
118,152,138,BIRU
118,141,134,BIRU
118,141,134,BIRU
118,140,135,BIRU
117,120,149,BIRU
117,120,149,BIRU
117,105,148,BIRU
115,108,149,BIRU
115,108,149,BIRU
117,101,151,BIRU
118,101,152,BIRU
118,101,152,BIRU
117,96,148,BIRU
117,96,148,BIRU
119,91,154,BIRU
118,100,151,BIRU
119,100,156,BIRU
119,100,156,BIRU
116,108,154,BIRU
115,106,147,BIRU
115,106,147,BIRU
115,104,152,BIRU
113,104,147,BIRU
113,104,147,BIRU
115,93,143,BIRU
115,93,143,BIRU
116,103,146,BIRU
117,97,144,BIRU
116,92,139,BIRU
116,92,139,BIRU
117,118,158,BIRU
118,98,145,BIRU
118,98,145,BIRU
118,113,136,BIRU
118,113,136,BIRU
120,89,109,BIRU
121,86,98,BIRU
121,86,98,BIRU
146,65,86,PINK
153,54,57,PINK
137,32,55,ABU-ABU
137,32,55,ABU-ABU
122,45,79,ABU-ABU
122,45,79,ABU-ABU
130,101,93,UNGU
125,83,104,UNGU
125,83,104,UNGU
126,72,99,UNGU
120,130,139,BIRU
120,130,139,BIRU
121,122,142,BIRU
118,101,169,BIRU
118,107,165,BIRU
118,107,165,BIRU
119,103,158,BIRU
119,103,158,BIRU
116,108,153,BIRU
119,110,135,BIRU
119,110,135,BIRU
117,110,141,BIRU
119,106,144,BIRU
119,106,144,BIRU
118,106,144,BIRU
122,103,143,BIRU
122,103,143,BIRU
120,100,138,BIRU
119,114,143,BIRU
119,114,143,BIRU
118,112,141,BIRU
118,108,134,BIRU
118,108,134,BIRU
118,110,141,BIRU
117,102,147,BIRU
117,102,147,BIRU
116,111,154,BIRU
117,101,152,BIRU
117,101,152,BIRU
120,97,155,BIRU
118,110,160,BIRU
118,110,160,BIRU
114,114,155,BIRU
116,109,157,BIRU
116,109,157,BIRU
116,110,150,BIRU
116,110,150,BIRU
122,106,152,BIRU
121,96,151,BIRU
119,97,150,BIRU
119,97,150,BIRU
117,103,149,BIRU
115,109,148,BIRU
115,109,148,BIRU
117,98,148,BIRU
117,98,148,BIRU
118,99,157,BIRU
117,101,154,BIRU
117,101,154,BIRU
117,92,149,BIRU
116,98,153,BIRU
116,101,154,BIRU
116,101,154,BIRU
116,96,149,BIRU
118,93,148,BIRU
118,93,148,BIRU
116,95,148,BIRU
116,95,148,BIRU
116,98,149,BIRU
115,97,144,BIRU
115,97,144,BIRU
117,105,156,BIRU
119,98,135,BIRU
111,22,82,ABU-ABU
111,22,82,ABU-ABU
45,15,68,ABU-ABU
45,15,68,ABU-ABU
20,54,71,KUNING
28,42,73,ABU-ABU
28,42,73,ABU-ABU
9,73,80,ORANGE
14,62,82,ORANGE
14,62,82,ORANGE
11,65,82,ORANGE
10,61,75,ORANGE
10,61,75,ORANGE
21,47,71,ABU-ABU
16,40,71,ABU-ABU
16,40,71,ABU-ABU
11,36,57,ABU-ABU
11,39,52,ABU-ABU
11,39,52,ABU-ABU
20,20,39,HITAM
30,13,39,HITAM
30,13,39,HITAM
30,14,37,HITAM
30,14,37,HITAM
0,0,36,PUTIH
30,7,36,HITAM
0,0,33,PUTIH
0,0,33,PUTIH
30,15,34,HITAM
4,55,74,MERAH
4,55,74,MERAH
5,57,76,ORANGE
13,57,72,ORANGE
13,57,72,ORANGE
16,52,74,ORANGE
13,55,74,ORANGE
13,55,74,ORANGE
15,43,71,ABU-ABU
10,64,72,ORANGE
10,64,72,ORANGE
17,41,88,ABU-ABU
12,48,123,ABU-ABU
12,48,123,ABU-ABU
13,52,122,ORANGE
13,52,122,ORANGE
13,53,125,ORANGE
11,55,125,ORANGE
11,56,124,ORANGE
11,56,124,ORANGE
10,51,126,ORANGE
13,59,126,ORANGE
13,59,126,ORANGE
13,58,127,ORANGE
13,58,127,ORANGE
9,55,126,ORANGE
6,56,131,ORANGE
6,56,131,ORANGE
9,59,129,ORANGE
12,61,126,ORANGE
11,56,128,ORANGE
11,56,128,ORANGE
12,60,127,ORANGE
12,61,125,ORANGE
12,61,125,ORANGE
11,63,126,ORANGE
11,63,126,ORANGE
11,70,131,ORANGE
14,73,129,ORANGE
14,73,129,ORANGE
10,58,124,ORANGE
13,59,126,ORANGE
13,59,126,ORANGE
11,58,118,ORANGE
11,59,122,ORANGE
11,59,122,ORANGE
10,54,122,ORANGE
10,51,120,ORANGE
10,51,120,ORANGE
11,60,120,ORANGE
13,67,95,ORANGE
13,67,95,ORANGE
14,67,72,ORANGE
9,63,69,ORANGE
9,63,69,ORANGE
18,66,66,ORANGE
16,61,63,ORANGE
16,61,63,ORANGE
16,55,69,ORANGE
14,49,68,ABU-ABU
14,49,68,ABU-ABU
11,53,67,ORANGE
13,46,88,ABU-ABU
13,46,88,ABU-ABU
16,39,84,ABU-ABU
16,39,84,ABU-ABU
16,45,85,ABU-ABU
17,47,87,ABU-ABU
16,67,88,ORANGE
16,67,88,ORANGE
16,43,88,ABU-ABU
16,42,90,ABU-ABU
16,42,90,ABU-ABU
15,36,86,ABU-ABU
20,44,87,ABU-ABU
20,44,87,ABU-ABU
21,38,88,ABU-ABU
21,38,88,ABU-ABU
15,29,88,ABU-ABU
11,46,95,ABU-ABU
15,34,90,ABU-ABU
15,34,90,ABU-ABU
11,38,93,ABU-ABU
13,45,90,ABU-ABU
13,45,90,ABU-ABU
11,38,95,ABU-ABU
11,38,95,ABU-ABU
12,47,93,ABU-ABU
12,51,85,ORANGE
12,51,85,ORANGE
12,43,88,ABU-ABU
15,35,87,ABU-ABU
13,35,51,ABU-ABU
13,35,51,ABU-ABU
10,28,54,ABU-ABU
10,28,54,ABU-ABU
13,34,52,ABU-ABU
15,39,52,ABU-ABU
15,39,52,ABU-ABU
20,44,52,ABU-ABU
13,42,55,ABU-ABU
13,42,55,ABU-ABU
16,51,75,ORANGE
11,69,78,ORANGE
15,88,90,ORANGE
15,88,90,ORANGE
11,80,111,ORANGE
11,80,111,ORANGE
12,69,111,ORANGE
11,83,113,ORANGE
11,83,113,ORANGE
9,85,120,ORANGE
10,89,118,ORANGE
10,89,118,ORANGE
11,92,125,ORANGE
9,90,127,ORANGE
9,90,127,ORANGE
9,90,131,ORANGE
9,92,136,ORANGE
9,92,136,ORANGE
9,89,135,ORANGE
10,95,134,ORANGE
10,95,134,ORANGE
10,95,134,ORANGE
11,93,134,ORANGE
11,93,134,ORANGE
10,89,135,ORANGE
11,84,131,ORANGE
11,84,131,ORANGE
14,75,112,ORANGE
17,65,114,ORANGE
17,65,114,ORANGE
14,66,116,ORANGE
13,73,119,ORANGE
13,73,119,ORANGE
15,68,117,ORANGE
15,68,117,ORANGE
13,56,114,ORANGE
12,67,115,ORANGE
12,80,118,ORANGE
12,80,118,ORANGE
10,60,106,ORANGE
14,64,104,ORANGE
14,64,104,ORANGE
13,69,107,ORANGE
